x,y,time
499.0,18.5,130
499.0,23.5,131
498.0,28.5,132
497.0,34.5,133
496.5,40.0,134
496.0,44.5,135
496.0,48.5,136
495.5,51.5,137
495.0,54.5,138
494.5,57.0,139
494.0,59.5,140
493.5,62.0,141
493.0,64.0,142
492.5,66.0,143
492.0,68.0,144
491.0,69.5,145
490.5,71.0,146
490.0,72.5,147
489.5,74.0,148
489.5,75.5,149
489.0,76.5,150
488.5,77.5,151
488.0,79.0,152
488.0,80.0,153
487.5,81.0,154
487.0,82.5,155
487.0,84.0,156
487.0,85.5,157
487.0,86.5,158
487.0,88.0,159
487.0,89.0,160
487.0,90.0,161
487.0,90.5,162
487.5,91.5,163
487.5,92.0,164
487.5,92.5,165
487.5,93.0,166
488.0,93.5,167
488.0,94.0,168
488.0,94.5,169
488.5,95.0,170
488.5,95.5,171
488.5,96.5,172
488.5,97.0,173
489.0,97.5,174
488.5,98.0,175
488.5,98.5,176
488.0,99.0,177
488.0,99.5,178
487.5,99.5,179
487.0,100.0,180
486.5,100.5,181
486.0,101.0,182
486.0,101.0,183
485.5,101.5,184
485.5,101.5,185
485.5,101.5,186
485.5,102.0,187
485.5,102.0,188
485.0,102.0,189
485.0,102.0,190
485.0,102.0,191
484.5,102.0,192
484.5,102.0,193
484.5,102.5,194
484.5,102.5,195
484.5,102.5,196
484.5,102.5,197
484.5,102.5,198
484.5,102.5,199
484.5,102.5,200
484.5,102.5,201
484.5,102.5,202
484.5,102.5,203
484.5,102.5,204
484.5,102.5,205
484.5,102.5,206
484.5,102.5,207
483.5,103.0,208
482.0,104.5,209
478.5,106.5,210
454.5,201.5,211
488.0,94.5,211
444.0,209.5,212
489.5,94.5,212
430.5,217.5,213
490.5,94.5,213
414.0,224.5,214
491.0,93.5,214
396.0,233.5,215
491.0,93.0,215
375.5,240.5,216
491.0,91.5,216
353.0,246.5,217
490.5,90.0,217
329.5,251.5,218
490.0,87.5,218
304.5,254.0,219
489.0,85.0,219
279.5,255.0,220
488.0,82.5,220
255.0,254.0,221
486.5,79.0,221
231.5,251.0,222
482.0,75.0,222
209.0,247.5,223
478.0,70.5,223
187.0,241.0,224
473.5,65.5,224
169.0,234.0,225
469.5,60.0,225
152.0,227.0,226
465.0,54.5,226
138.0,220.0,227
460.5,48.5,227
125.5,213.0,228
456.5,42.0,228
115.5,207.0,229
452.5,35.0,229
108.0,202.0,230
450.0,28.0,230
103.0,198.0,231
445.0,20.0,231
99.5,196.0,232
439.0,11.5,232
98.5,195.0,233
100.0,195.5,234
103.0,198.0,235
108.0,202.0,236
116.0,207.0,237
126.0,214.0,238
139.0,221.0,239
154.0,228.0,240
171.0,235.0,241
189.5,242.0,242
212.5,247.0,243
235.0,252.0,244
259.0,254.0,245
283.5,255.0,246
308.5,253.5,247
332.0,250.5,248
355.5,246.0,249
376.5,240.0,250
396.0,233.5,251
413.0,225.5,252
429.0,218.5,253
441.5,211.5,254
451.5,204.5,255
459.5,199.5,256
465.0,195.5,257
469.0,192.5,258
470.0,191.5,259
469.0,192.5,260
465.5,195.5,261
459.5,199.5,262
451.5,204.5,263
440.5,211.0,264
428.0,218.5,265
412.5,226.0,266
394.5,234.0,267
374.0,241.0,268
353.0,246.5,269
329.5,251.5,270
305.0,254.0,271
281.0,255.0,272
256.5,254.0,273
233.5,252.0,274
211.0,247.5,275
189.5,242.5,276
171.5,235.5,277
155.0,228.5,278
140.5,222.0,279
128.5,215.0,280
118.5,209.0,281
111.0,204.0,282
105.5,200.5,283
102.0,198.0,284
101.0,197.0,285
102.0,198.0,286
105.0,200.0,287
110.5,203.5,288
117.5,208.5,289
127.5,214.5,290
140.0,221.5,291
154.0,228.5,292
171.0,235.5,293
189.5,242.0,294
211.0,247.5,295
233.5,252.0,296
256.5,254.0,297
280.5,255.0,298
305.0,254.0,299
328.5,251.5,300
351.5,247.0,301
372.5,241.5,302
391.5,234.5,303
409.0,227.5,304
424.0,220.5,305
436.5,213.5,306
447.5,207.5,307
455.5,201.5,308
461.5,197.5,309
464.5,195.5,310
466.5,194.5,311
465.5,195.0,312
462.0,197.5,313
456.5,201.5,314
448.5,206.5,315
438.5,213.0,316
425.5,220.0,317
410.5,227.0,318
393.0,235.0,319
373.5,241.0,320
352.5,247.0,321
329.5,251.5,322
306.5,254.5,323
282.0,255.5,324
258.0,254.0,325
235.5,252.0,326
213.5,248.0,327
192.5,243.0,328
175.0,237.0,329
158.5,230.0,330
144.0,223.5,331
132.0,217.5,332
122.5,211.5,333
114.5,206.5,334
109.0,203.0,335
106.0,200.5,336
104.5,199.5,337
105.5,200.0,338
108.5,202.0,339
113.5,206.0,340
121.0,210.5,341
130.5,216.0,342
142.5,223.0,343
157.0,229.5,344
174.0,236.5,345
191.5,242.5,346
213.0,248.0,347
234.5,251.5,348
258.0,254.5,349
281.0,255.0,350
305.0,253.5,351
328.0,251.5,352
350.5,247.0,353
371.0,241.5,354
390.0,235.5,355
407.5,228.5,356
422.0,221.5,357
435.0,214.5,358
445.5,208.5,359
453.0,203.5,360
459.0,199.5,361
462.5,197.0,362
464.0,196.5,363
463.0,196.5,364
460.0,199.0,365
454.5,202.5,366
446.5,208.5,367
436.5,214.0,368
423.5,221.0,369
409.0,228.0,370
392.0,235.0,371
372.0,241.5,372
352.0,247.0,373
329.0,251.5,374
306.0,254.5,375
282.5,255.5,376
259.5,254.5,377
236.5,252.0,378
216.0,248.0,379
195.5,243.5,380
177.0,237.5,381
161.0,231.0,382
147.0,225.0,383
135.5,219.0,384
125.5,213.0,385
117.5,208.5,386
112.5,205.0,387
109.0,203.0,388
107.5,202.0,389
108.5,203.0,390
111.5,205.0,391
117.0,208.0,392
124.5,213.0,393
134.5,218.0,394
146.5,224.5,395
160.5,231.0,396
177.0,237.5,397
195.5,243.5,398
216.0,248.0,399
237.5,252.0,400
259.5,254.5,401
283.0,255.5,402
306.0,254.0,403
329.0,251.5,404
351.0,247.5,405
371.0,242.0,406
390.0,236.0,407
406.5,229.0,408
421.0,222.5,409
433.0,216.0,410
443.0,210.0,411
451.0,205.0,412
456.5,201.0,413
460.0,199.0,414
461.0,198.0,415
460.0,199.0,416
457.0,201.5,417
451.5,205.0,418
443.5,210.0,419
433.5,216.0,420
420.5,222.5,421
406.0,229.5,422
389.0,236.5,423
370.0,242.5,424
349.0,248.0,425
327.0,252.0,426
304.5,254.5,427
281.0,255.0,428
258.0,254.5,429
236.5,252.0,430
215.5,248.5,431
195.5,244.0,432
178.0,238.0,433
162.0,232.0,434
148.0,226.0,435
136.5,220.0,436
126.5,214.0,437
119.5,210.0,438
114.5,206.5,439
111.5,204.5,440
110.5,204.0,441
111.5,204.0,442
114.5,206.0,443
119.5,210.0,444
127.5,214.0,445
137.5,220.0,446
149.0,226.0,447
163.0,232.0,448
179.0,238.5,449
198.5,244.0,450
218.0,249.0,451
239.5,252.0,452
262.0,254.5,453
284.5,255.0,454
307.0,254.0,455
329.5,251.5,456
351.0,247.5,457
370.5,242.0,458
388.5,236.5,459
405.0,229.5,460
419.0,223.5,461
431.0,217.0,462
440.5,211.5,463
448.0,207.0,464
453.0,203.5,465
456.5,201.5,466
457.0,201.0,467
456.0,201.5,468
452.5,204.5,469
446.5,207.5,470
438.5,212.5,471
428.5,218.5,472
416.0,224.5,473
401.0,231.0,474
384.0,238.0,475
365.0,243.5,476
345.0,248.5,477
323.0,252.5,478
301.0,254.5,479
278.0,255.0,480
255.5,254.0,481
234.0,252.0,482
214.0,248.0,483
194.0,243.5,484
177.0,237.5,485
162.0,232.0,486
148.0,226.0,487
137.0,220.0,488
127.5,215.0,489
120.5,210.5,490
116.0,207.5,491
113.0,205.5,492
112.0,205.0,493
113.5,206.0,494
116.5,208.5,495
122.5,211.5,496
130.5,216.5,497
140.0,222.0,498
152.0,227.5,499
167.0,234.0,500
182.5,239.5,501
201.5,245.5,502
221.0,249.0,503
242.0,253.0,504
264.0,254.5,505
286.5,255.0,506
309.0,253.5,507
330.5,251.0,508
351.0,247.0,509
370.0,242.0,510
388.0,236.0,511
403.5,230.0,512
417.5,224.0,513
428.5,218.0,514
438.0,213.0,515
445.5,208.5,516
450.5,205.0,517
453.0,203.5,518
453.5,203.0,519
452.0,204.0,520
448.5,207.0,521
442.5,210.0,522
434.5,215.0,523
423.5,221.0,524
410.5,227.0,525
395.5,233.0,526
379.0,239.0,527
360.0,245.0,528
340.0,249.5,529
318.5,252.5,530
296.5,254.5,531
274.0,255.0,532
252.5,254.0,533
231.0,251.5,534
211.0,247.5,535
192.0,243.0,536
176.0,237.0,537
161.0,231.5,538
148.0,226.0,539
137.5,220.5,540
128.5,215.5,541
122.0,211.5,542
117.5,209.0,543
115.0,207.5,544
114.5,207.0,545
116.5,208.0,546
120.0,210.5,547
126.0,214.5,548
134.0,218.5,549
144.0,224.0,550
156.5,230.0,551
171.5,235.5,552
187.0,241.0,553
206.5,246.5,554
226.0,250.0,555
247.0,253.0,556
268.0,255.0,557
290.0,255.5,558
312.0,253.5,559
333.0,250.5,560
353.0,246.5,561
372.0,241.5,562
389.0,236.0,563
404.0,230.0,564
417.0,224.0,565
428.0,218.5,566
436.5,213.5,567
443.5,209.5,568
448.5,207.0,569
450.5,205.5,570
450.5,205.5,571
448.5,206.5,572
444.5,209.0,573
438.5,213.0,574
429.5,218.0,575
419.0,223.0,576
406.0,229.0,577
391.0,235.0,578
374.0,241.0,579
355.0,246.0,580
335.0,250.5,581
314.0,253.5,582
292.0,255.0,583
270.5,255.0,584
249.5,253.5,585
228.5,251.0,586
210.0,247.0,587
190.5,242.0,588
175.0,236.5,589
161.0,231.0,590
148.5,226.0,591
138.5,221.0,592
130.5,216.0,593
124.5,213.0,594
120.5,210.0,595
118.5,209.0,596
118.5,209.0,597
120.5,210.0,598
124.5,213.0,599
130.5,216.5,600
139.5,221.0,601
150.0,226.5,602
162.0,231.5,603
177.0,237.5,604
193.5,243.0,605
212.0,247.5,606
231.5,251.5,607
252.5,253.5,608
274.0,254.5,609
295.5,254.5,610
317.0,253.0,611
337.0,250.0,612
357.0,245.5,613
375.0,240.5,614
391.0,235.0,615
405.5,229.0,616
418.5,223.5,617
428.5,218.5,618
436.5,213.5,619
442.5,210.5,620
446.5,207.5,621
448.5,206.5,622
448.5,206.5,623
446.0,208.5,624
441.5,211.0,625
434.5,215.0,626
425.5,219.5,627
414.5,225.0,628
401.0,231.0,629
386.0,237.0,630
369.0,243.0,631
350.0,247.0,632
330.0,251.0,633
309.0,253.5,634
288.0,255.5,635
266.5,254.5,636
245.5,253.0,637
225.5,250.0,638
207.0,246.5,639
188.5,241.5,640
174.0,236.5,641
160.5,231.0,642
149.0,225.5,643
139.5,221.0,644
131.5,217.0,645
126.0,214.0,646
122.5,211.5,647
121.0,210.5,648
121.5,211.0,649
124.5,212.5,650
129.0,215.5,651
135.5,219.0,652
144.5,223.5,653
155.5,228.5,654
168.5,234.5,655
183.0,239.5,656
200.5,245.0,657
219.0,249.0,658
238.5,252.5,659
258.5,254.5,660
280.0,255.5,661
301.0,254.5,662
322.0,252.5,663
342.0,249.5,664
361.0,245.0,665
378.0,239.5,666
394.0,234.5,667
407.5,228.5,668
419.0,223.5,669
429.0,218.5,670
436.5,214.5,671
442.0,210.5,672
445.5,208.5,673
446.5,208.0,674
445.5,208.5,675
442.5,210.5,676
437.5,213.5,677
430.0,217.5,678
421.0,222.5,679
409.5,228.0,680
395.5,233.5,681
380.0,239.0,682
363.0,244.0,683
344.0,248.5,684
323.5,252.5,685
303.5,254.5,686
282.0,255.5,687
261.5,254.5,688
241.0,253.0,689
222.0,250.0,690
203.5,246.0,691
186.5,241.0,692
172.0,236.0,693
159.0,230.5,694
148.5,225.5,695
139.5,221.0,696
132.5,217.0,697
127.5,214.5,698
124.5,213.0,699
123.5,212.0,700
124.5,213.0,701
127.5,215.0,702
133.5,218.0,703
140.5,221.5,704
149.5,226.5,705
161.0,231.5,706
174.5,236.5,707
189.0,242.0,708
207.5,247.0,709
225.5,250.0,710
245.5,253.0,711
265.5,255.0,712
286.5,255.5,713
307.5,254.0,714
327.5,251.5,715
347.0,248.5,716
365.0,243.5,717
381.5,239.0,718
396.5,233.5,719
409.5,228.0,720
420.5,223.0,721
429.5,218.0,722
436.5,214.5,723
440.5,212.0,724
443.5,210.0,725
444.5,210.0,726
442.5,210.5,727
439.5,213.0,728
433.5,216.0,729
425.5,220.5,730
415.5,225.5,731
403.5,230.5,732
389.0,236.5,733
373.0,241.5,734
355.5,246.5,735
336.5,250.5,736
316.5,253.5,737
296.0,255.0,738
275.0,255.5,739
255.0,254.0,740
235.5,252.0,741
217.0,249.0,742
199.5,245.0,743
183.0,239.5,744
169.5,235.0,745
157.0,230.0,746
147.0,225.0,747
139.0,221.0,748
132.5,218.0,749
128.5,215.0,750
126.0,214.0,751
125.5,214.0,752
127.5,215.0,753
131.5,217.0,754
137.5,220.0,755
145.5,224.0,756
155.0,228.5,757
167.0,233.5,758
180.5,238.5,759
196.5,244.0,760
214.0,248.0,761
232.5,251.5,762
252.0,254.0,763
272.5,255.0,764
293.0,255.0,765
313.0,253.5,766
333.0,251.0,767
351.5,247.5,768
368.5,242.5,769
384.5,237.5,770
399.0,232.5,771
411.0,227.5,772
421.0,222.5,773
429.0,218.0,774
435.0,215.0,775
439.0,213.0,776
441.0,211.5,777
441.0,211.5,778
439.0,213.0,779
434.5,215.5,780
428.0,218.5,781
419.5,223.5,782
409.0,228.0,783
396.0,233.5,784
382.0,238.5,785
365.5,243.5,786
348.0,248.0,787
328.5,251.5,788
309.0,253.5,789
288.5,255.0,790
268.5,254.5,791
248.5,253.5,792
229.5,251.0,793
211.5,247.0,794
194.5,243.0,795
179.5,238.0,796
166.0,233.5,797
155.0,229.0,798
145.5,224.0,799
138.5,220.5,800
132.5,217.5,801
129.0,215.5,802
127.5,215.0,803
127.5,215.0,804
130.5,216.0,805
134.5,219.0,806
141.5,222.0,807
150.0,226.0,808
160.5,231.0,809
173.0,236.0,810
186.5,240.5,811
203.5,246.0,812
221.0,249.0,813
239.5,252.5,814
259.5,254.5,815
279.5,255.5,816
299.5,254.5,817
319.0,252.5,818
338.0,250.0,819
356.5,246.0,820
373.0,241.5,821
388.0,236.5,822
401.0,231.5,823
412.0,226.5,824
421.5,222.0,825
428.5,218.5,826
434.0,215.5,827
437.5,213.5,828
438.5,213.0,829
437.5,213.5,830
434.5,215.0,831
429.5,218.0,832
422.5,221.5,833
413.5,226.0,834
402.0,231.0,835
389.0,236.0,836
374.0,241.0,837
357.0,246.0,838
339.0,249.5,839
320.0,252.5,840
300.5,254.5,841
280.5,255.5,842
260.5,254.5,843
241.0,253.0,844
222.5,250.0,845
205.5,246.5,846
189.0,242.0,847
175.5,237.0,848
163.0,232.5,849
153.0,228.0,850
144.5,224.0,851
137.5,220.5,852
133.0,218.0,853
130.5,216.5,854
129.5,216.0,855
130.5,217.0,856
134.5,218.5,857
139.5,221.0,858
146.5,225.0,859
155.5,229.0,860
167.0,234.0,861
179.5,238.5,862
194.5,243.0,863
211.0,247.0,864
228.5,251.0,865
247.5,253.5,866
266.5,254.5,867
286.5,255.0,868
306.5,254.0,869
325.5,251.5,870
344.0,248.5,871
361.0,244.5,872
377.0,240.0,873
391.0,235.0,874
403.5,230.0,875
413.5,225.5,876
422.0,221.5,877
428.5,218.0,878
432.5,216.0,879
435.5,214.5,880
435.5,214.0,881
433.5,215.0,882
430.5,217.0,883
424.5,220.0,884
416.5,224.0,885
406.5,229.0,886
394.5,233.5,887
380.5,238.5,888
365.5,243.5,889
348.5,248.0,890
330.5,251.0,891
311.5,253.5,892
291.5,255.0,893
272.0,255.0,894
252.5,254.0,895
234.0,252.0,896
216.0,248.0,897
200.0,245.0,898
184.5,240.0,899
172.0,236.0,900
160.0,231.0,901
151.0,227.0,902
143.5,223.5,903
137.5,220.5,904
133.5,218.5,905
131.5,217.5,906
132.0,217.5,907
134.0,218.5,908
138.0,221.0,909
144.0,224.0,910
152.0,227.0,911
162.0,232.0,912
173.5,236.5,913
186.5,241.0,914
202.5,245.5,915
219.0,249.0,916
237.0,252.0,917
256.0,254.0,918
275.5,255.5,919
294.5,254.5,920
314.0,253.0,921
332.5,250.5,922
350.5,247.0,923
366.5,243.0,924
381.5,238.0,925
394.5,234.0,926
405.5,229.0,927
415.5,225.0,928
422.5,221.0,929
428.5,218.0,930
431.5,216.5,931
433.5,216.0,932
432.5,216.0,933
430.0,217.0,934
425.5,220.0,935
418.5,223.0,936
410.5,227.0,937
399.5,231.5,938
387.0,236.5,939
372.5,241.0,940
356.5,245.5,941
339.5,249.0,942
321.5,252.5,943
302.5,254.0,944
282.5,255.5,945
263.5,254.5,946
245.0,253.0,947
227.0,250.5,948
210.0,247.0,949
194.0,243.5,950
180.0,239.0,951
168.5,234.5,952
158.0,230.0,953
149.0,226.0,954
142.5,223.0,955
137.5,220.5,956
135.0,219.0,957
134.0,218.5,958
135.0,219.0,959
137.5,220.5,960
142.5,223.0,961
149.0,226.0,962
158.0,230.0,963
169.0,235.0,964
181.0,239.0,965
195.0,244.0,966
211.0,247.0,967
228.0,251.0,968
246.0,253.5,969
264.5,254.5,970
283.5,255.5,971
302.5,254.5,972
321.5,252.5,973
339.5,249.0,974
356.5,246.0,975
371.5,241.5,976
385.5,237.0,977
397.5,232.0,978
408.5,228.0,979
416.5,224.0,980
423.0,221.0,981
427.5,218.5,982
430.5,217.0,983
431.0,217.0,984
429.5,218.0,985
426.0,219.0,986
420.5,222.0,987
413.0,226.0,988
403.5,230.0,989
392.5,234.5,990
379.0,239.0,991
364.5,243.5,992
347.5,248.0,993
330.5,251.0,994
311.5,253.5,995
292.5,254.5,996
274.0,255.5,997
255.5,254.0,998
237.0,252.0,999
220.0,249.0,1000
204.0,246.5,1001
188.5,242.0,1002
176.0,237.0,1003
165.0,233.0,1004
155.5,229.0,1005
148.0,225.5,1006
142.0,222.5,1007
138.5,221.0,1008
136.5,220.0,1009
136.5,220.0,1010
138.0,221.0,1011
142.0,223.0,1012
147.5,225.5,1013
155.0,229.0,1014
164.5,233.0,1015
176.0,237.0,1016
188.5,242.0,1017
204.5,246.5,1018
220.0,249.0,1019
237.0,252.0,1020
255.0,254.0,1021
274.0,255.5,1022
292.5,254.5,1023
311.5,253.5,1024
329.5,251.0,1025
346.5,248.0,1026
362.5,244.0,1027
377.0,240.0,1028
390.5,235.0,1029
401.5,231.0,1030
410.5,227.0,1031
418.0,223.0,1032
423.5,221.0,1033
427.0,219.0,1034
428.5,218.0,1035
428.5,218.0,1036
426.0,219.0,1037
421.5,222.0,1038
415.5,225.0,1039
406.5,228.5,1040
396.5,233.0,1041
384.5,237.5,1042
370.5,242.0,1043
355.5,246.0,1044
338.5,250.0,1045
320.5,252.5,1046
302.5,254.0,1047
283.5,255.5,1048
265.0,254.5,1049
247.0,253.5,1050
229.0,251.0,1051
213.0,248.0,1052
197.5,244.0,1053
183.5,240.0,1054
172.0,236.0,1055
162.0,232.0,1056
153.5,228.0,1057
146.5,225.0,1058
142.0,223.0,1059
139.5,221.0,1060
138.5,221.0,1061
139.5,221.0,1062
141.5,223.0,1063
146.5,225.0,1064
153.0,228.0,1065
161.5,232.0,1066
172.0,236.0,1067
183.5,240.0,1068
198.0,244.0,1069
213.5,248.0,1070
229.5,251.0,1071
247.0,253.5,1072
265.5,254.5,1073
283.5,255.5,1074
302.5,254.5,1075
320.5,252.5,1076
337.5,250.0,1077
354.0,246.0,1078
369.0,242.0,1079
382.5,238.0,1080
394.5,234.0,1081
404.5,229.0,1082
412.5,226.0,1083
419.5,223.0,1084
423.5,221.0,1085
426.5,219.5,1086
426.5,219.0,1087
425.5,220.0,1088
422.0,222.0,1089
416.5,224.0,1090
409.5,227.5,1091
400.0,231.5,1092
389.0,236.0,1093
376.0,240.0,1094
361.5,244.5,1095
346.0,248.0,1096
328.5,251.0,1097
311.0,253.5,1098
292.5,254.5,1099
274.5,255.5,1100
256.0,254.5,1101
238.5,252.5,1102
222.0,250.0,1103
206.5,246.5,1104
191.5,243.0,1105
179.5,238.5,1106
168.5,234.5,1107
159.5,231.0,1108
152.0,227.0,1109
146.5,225.0,1110
142.5,223.0,1111
140.5,222.0,1112
140.5,222.0,1113
142.5,223.0,1114
146.5,225.0,1115
152.0,227.5,1116
159.5,231.0,1117
169.0,234.5,1118
180.0,238.5,1119
192.0,242.5,1120
207.5,247.0,1121
223.0,250.0,1122
240.0,252.5,1123
257.5,254.5,1124
275.5,255.5,1125
293.5,254.5,1126
312.0,253.5,1127
329.5,251.5,1128
346.0,248.0,1129
361.5,245.0,1130
375.5,240.5,1131
388.0,236.0,1132
398.5,232.0,1133
407.5,228.0,1134
415.0,225.0,1135
420.5,222.5,1136
423.5,221.0,1137
425.0,220.5,1138
424.5,220.5,1139
422.0,221.5,1140
417.5,224.0,1141
411.5,227.0,1142
403.5,230.0,1143
393.0,234.0,1144
381.0,239.0,1145
367.5,243.0,1146
352.5,247.0,1147
336.5,250.0,1148
319.0,252.5,1149
301.5,254.5,1150
283.0,255.0,1151
265.0,254.5,1152
247.5,253.5,1153
230.5,251.0,1154
215.0,248.0,1155
200.0,245.0,1156
186.0,240.5,1157
175.0,236.5,1158
165.0,233.0,1159
157.0,229.5,1160
150.5,227.0,1161
146.0,224.0,1162
143.5,223.0,1163
142.5,223.0,1164
143.5,223.0,1165
146.5,225.0,1166
151.5,227.0,1167
158.0,230.0,1168
166.5,233.5,1169
176.5,237.0,1170
187.5,241.5,1171
202.5,245.5,1172
217.0,248.5,1173
233.0,251.5,1174
250.5,253.5,1175
268.0,254.5,1176
286.5,255.5,1177
304.0,254.5,1178
321.5,252.5,1179
338.0,249.5,1180
354.0,246.5,1181
368.5,242.5,1182
381.5,238.5,1183
393.0,234.5,1184
402.5,230.5,1185
410.5,227.5,1186
416.5,224.5,1187
420.5,222.5,1188
423.0,221.5,1189
423.5,221.5,1190
422.0,222.0,1191
418.5,223.5,1192
413.0,226.5,1193
405.5,229.5,1194
396.0,233.5,1195
385.0,237.5,1196
373.0,241.5,1197
358.5,245.5,1198
343.0,249.0,1199
326.5,251.5,1200
309.0,254.0,1201
291.5,255.0,1202
273.5,255.0,1203
255.5,254.0,1204
238.5,252.5,1205
223.0,249.5,1206
208.0,247.0,1207
194.0,243.0,1208
181.5,239.0,1209
171.5,235.5,1210
162.5,232.0,1211
155.5,229.0,1212
150.5,226.5,1213
146.5,225.0,1214
145.5,224.0,1215
145.5,224.0,1216
147.5,225.0,1217
151.5,227.0,1218
157.0,229.5,1219
164.5,232.5,1220
174.0,236.5,1221
184.5,240.5,1222
197.5,244.0,1223
212.0,248.0,1224
227.0,250.5,1225
243.5,253.0,1226
260.5,254.5,1227
278.5,255.5,1228
296.0,255.0,1229
314.0,253.5,1230
330.5,251.5,1231
346.5,248.5,1232
361.5,244.5,1233
375.0,240.5,1234
387.0,236.5,1235
397.5,233.0,1236
406.5,229.5,1237
412.5,226.5,1238
417.5,224.0,1239
420.5,222.5,1240
421.5,222.0,1241
421.5,222.5,1242
418.5,223.5,1243
414.0,225.5,1244
407.5,228.5,1245
399.5,232.5,1246
389.5,236.5,1247
377.5,240.0,1248
363.5,244.0,1249
349.0,247.5,1250
333.0,250.5,1251
316.0,253.5,1252
299.0,254.5,1253
281.0,255.5,1254
263.5,254.5,1255
247.0,253.5,1256
230.0,251.0,1257
215.5,248.0,1258
201.5,245.0,1259
188.0,241.5,1260
177.5,237.5,1261
168.0,234.0,1262
160.5,231.0,1263
154.5,228.5,1264
150.5,226.5,1265
148.0,225.5,1266
147.5,225.0,1267
148.5,225.5,1268
151.5,227.5,1269
156.5,229.5,1270
163.5,232.5,1271
172.5,235.5,1272
182.0,239.5,1273
194.0,243.0,1274
207.5,247.0,1275
222.0,249.5,1276
238.0,252.5,1277
254.5,254.5,1278
272.0,255.5,1279
289.5,255.5,1280
306.5,254.0,1281
323.5,252.5,1282
339.5,249.5,1283
354.5,246.5,1284
368.5,242.5,1285
381.0,239.0,1286
391.5,235.0,1287
400.5,231.5,1288
408.5,228.0,1289
413.5,225.5,1290
417.5,224.0,1291
419.5,223.0,1292
419.5,223.0,1293
417.5,224.0,1294
413.5,225.5,1295
408.0,228.0,1296
400.5,231.5,1297
391.5,235.0,1298
380.5,239.0,1299
367.5,243.0,1300
353.5,246.5,1301
338.5,250.0,1302
322.0,252.5,1303
305.5,254.0,1304
288.0,255.0,1305
270.5,255.0,1306
253.5,254.0,1307
237.0,252.0,1308
222.0,249.5,1309
207.5,247.0,1310
194.0,243.5,1311
182.5,239.5,1312
173.0,235.5,1313
164.5,232.5,1314
158.5,230.0,1315
153.5,227.5,1316
150.5,226.5,1317
149.5,225.5,1318
149.5,226.5,1319
152.5,227.5,1320
156.5,229.5,1321
162.5,231.5,1322
170.0,234.5,1323
179.5,238.0,1324
190.0,241.5,1325
203.5,246.0,1326
217.0,248.5,1327
232.0,251.5,1328
248.5,253.5,1329
265.0,254.5,1330
282.5,255.0,1331
299.5,254.5,1332
316.5,253.0,1333
332.5,251.0,1334
347.5,248.0,1335
361.5,244.0,1336
374.5,241.0,1337
386.0,237.0,1338
395.5,233.0,1339
403.5,230.0,1340
409.5,227.0,1341
414.5,225.0,1342
416.5,224.0,1343
417.5,224.0,1344
416.5,224.0,1345
413.5,226.0,1346
408.5,228.0,1347
401.5,231.0,1348
393.0,234.0,1349
382.5,238.0,1350
371.0,242.0,1351
357.5,245.0,1352
343.0,249.0,1353
327.0,251.5,1354
310.5,253.0,1355
293.5,255.0,1356
276.5,255.0,1357
259.5,254.5,1358
243.5,252.5,1359
227.5,250.5,1360
213.0,247.5,1361
200.0,244.5,1362
187.5,241.5,1363
177.5,237.5,1364
168.5,234.5,1365
161.5,231.5,1366
156.0,229.0,1367
152.5,227.5,1368
150.5,226.5,1369
150.5,226.5,1370
152.5,227.5,1371
155.5,228.5,1372
161.0,231.5,1373
168.0,234.5,1374
176.5,237.0,1375
186.5,240.5,1376
199.0,244.5,1377
212.5,247.5,1378
226.5,250.5,1379
242.0,252.5,1380
258.5,254.5,1381
275.5,255.0,1382
292.5,255.0,1383
309.0,254.0,1384
325.5,252.0,1385
340.5,249.0,1386
355.0,246.0,1387
368.5,243.0,1388
380.0,239.0,1389
390.5,235.5,1390
398.5,232.0,1391
405.5,229.0,1392
410.5,227.0,1393
413.5,226.0,1394
414.5,225.0,1395
414.5,225.0,1396
412.5,226.5,1397
408.0,228.0,1398
401.5,231.0,1399
394.5,234.0,1400
384.5,237.5,1401
373.5,241.0,1402
361.0,245.0,1403
347.0,248.0,1404
331.5,251.0,1405
315.5,253.0,1406
299.0,254.5,1407
282.0,255.5,1408
265.0,254.5,1409
249.0,253.5,1410
233.5,251.5,1411
218.5,249.0,1412
205.0,246.5,1413
192.0,243.0,1414
181.0,239.0,1415
173.0,236.0,1416
165.0,233.0,1417
159.0,230.5,1418
154.5,229.0,1419
152.0,227.5,1420
151.5,227.0,1421
152.5,228.0,1422
155.0,229.0,1423
160.0,231.0,1424
166.0,234.0,1425
174.0,236.5,1426
183.5,240.0,1427
195.5,244.0,1428
208.0,247.0,1429
222.0,250.0,1430
237.0,252.5,1431
252.5,254.0,1432
269.0,254.5,1433
286.0,255.5,1434
302.5,254.5,1435
318.5,253.0,1436
334.0,250.5,1437
348.5,248.0,1438
362.0,244.0,1439
374.0,241.0,1440
384.5,237.0,1441
393.5,234.0,1442
401.0,231.0,1443
406.5,228.5,1444
410.5,227.0,1445
412.5,226.0,1446
412.5,226.0,1447
411.0,226.5,1448
407.5,228.5,1449
402.0,230.5,1450
395.0,233.5,1451
386.0,236.5,1452
375.5,240.5,1453
363.5,243.5,1454
350.5,247.0,1455
335.5,250.0,1456
320.0,252.5,1457
304.0,254.0,1458
287.5,255.0,1459
271.0,254.5,1460
254.5,254.0,1461
239.0,252.5,1462
224.0,250.0,1463
210.5,247.0,1464
197.5,244.5,1465
185.5,241.0,1466
176.5,237.5,1467
169.0,235.0,1468
162.5,232.0,1469
157.5,230.0,1470
154.5,229.0,1471
153.5,228.0,1472
153.5,228.0,1473
156.0,229.0,1474
160.0,231.0,1475
165.5,233.5,1476
173.0,236.0,1477
181.5,239.5,1478
192.0,243.0,1479
205.5,246.5,1480
218.5,249.0,1481
233.0,251.5,1482
248.0,253.5,1483
264.0,254.5,1484
280.5,255.0,1485
297.0,254.5,1486
313.5,253.5,1487
328.5,251.5,1488
343.5,248.5,1489
357.5,245.0,1490
369.5,242.0,1491
380.5,239.0,1492
390.5,235.0,1493
398.0,232.0,1494
404.0,230.0,1495
408.5,228.0,1496
410.5,227.0,1497
411.5,227.0,1498
410.5,227.0,1499
407.5,228.0,1500
403.5,230.0,1501
396.5,233.0,1502
388.5,236.0,1503
378.5,239.0,1504
367.5,243.0,1505
354.5,246.0,1506
340.5,249.0,1507
325.5,252.0,1508
309.5,253.5,1509
293.5,254.5,1510
277.0,255.0,1511
260.5,254.5,1512
245.0,252.5,1513
230.0,250.5,1514
216.0,248.0,1515
203.5,246.0,1516
191.0,242.0,1517
181.5,238.5,1518
173.0,235.5,1519
166.0,233.5,1520
161.0,231.0,1521
157.5,230.0,1522
155.5,229.0,1523
155.5,229.0,1524
157.5,229.5,1525
160.5,231.0,1526
165.5,233.5,1527
172.5,235.5,1528
180.5,238.5,1529
190.5,242.0,1530
203.0,246.0,1531
215.5,248.0,1532
230.0,250.5,1533
244.5,253.0,1534
260.5,254.5,1535
276.5,255.5,1536
292.5,255.0,1537
309.0,254.0,1538
324.0,252.0,1539
339.0,249.5,1540
353.0,247.0,1541
366.0,243.5,1542
377.0,240.5,1543
387.0,236.5,1544
395.0,234.0,1545
401.5,231.5,1546
406.5,229.5,1547
409.5,227.5,1548
410.5,227.5,1549
410.0,227.5,1550
407.5,228.5,1551
403.5,230.5,1552
398.0,232.5,1553
390.0,235.5,1554
381.0,239.0,1555
370.0,242.5,1556
358.0,245.5,1557
344.5,248.5,1558
329.5,251.5,1559
314.5,253.5,1560
298.5,254.5,1561
282.5,255.5,1562
266.5,254.5,1563
250.5,253.5,1564
236.0,252.0,1565
221.5,249.5,1566
208.5,247.0,1567
197.0,244.0,1568
185.5,240.5,1569
177.5,237.5,1570
170.5,235.0,1571
164.5,233.0,1572
160.5,231.0,1573
158.5,230.0,1574
157.5,230.0,1575
159.0,230.5,1576
161.5,231.5,1577
166.5,233.5,1578
172.5,235.5,1579
180.5,238.5,1580
189.0,241.5,1581
201.0,245.0,1582
213.5,248.0,1583
226.5,250.5,1584
241.0,252.5,1585
256.5,254.5,1586
272.0,255.0,1587
288.5,255.5,1588
304.5,254.5,1589
319.5,253.0,1590
334.5,250.5,1591
348.5,248.0,1592
361.5,245.0,1593
372.5,241.5,1594
382.5,238.0,1595
391.0,235.0,1596
398.0,232.5,1597
403.5,230.0,1598
406.5,229.0,1599
408.5,228.0,1600
408.5,228.0,1601
406.5,229.0,1602
403.5,230.0,1603
397.5,233.0,1604
391.0,235.0,1605
382.5,238.0,1606
372.0,241.5,1607
360.5,245.0,1608
347.5,248.0,1609
333.5,251.0,1610
318.5,253.0,1611
302.5,254.0,1612
287.0,255.0,1613
271.5,255.0,1614
255.5,254.0,1615
240.5,252.5,1616
226.0,250.5,1617
213.5,247.5,1618
201.5,245.0,1619
190.0,241.5,1620
181.0,238.5,1621
173.5,236.0,1622
167.5,233.5,1623
163.0,232.0,1624
160.5,231.0,1625
159.5,230.5,1626
159.5,230.5,1627
162.5,231.5,1628
166.5,233.5,1629
172.0,235.5,1630
178.5,238.0,1631
187.5,241.5,1632
198.5,244.5,1633
210.5,247.0,1634
223.0,249.5,1635
237.0,252.0,1636
252.0,253.5,1637
267.5,254.5,1638
283.0,255.0,1639
298.5,254.5,1640
314.5,253.0,1641
329.0,251.0,1642
343.0,249.0,1643
356.0,246.0,1644
367.5,243.0,1645
377.5,239.5,1646
386.5,236.5,1647
394.5,234.0,1648
399.5,232.0,1649
403.5,230.0,1650
405.5,229.0,1651
406.5,229.0,1652
405.0,229.5,1653
402.0,231.0,1654
397.0,233.0,1655
390.5,235.0,1656
382.5,238.0,1657
372.5,241.0,1658
361.5,244.5,1659
349.5,247.5,1660
335.5,250.0,1661
321.0,252.5,1662
305.5,254.0,1663
290.5,255.0,1664
274.5,255.0,1665
259.0,254.5,1666
244.0,253.0,1667
230.0,251.0,1668
217.0,248.5,1669
204.5,246.5,1670
193.0,243.0,1671
183.5,240.0,1672
176.0,237.0,1673
170.0,235.0,1674
165.0,233.0,1675
161.5,232.0,1676
160.0,231.0,1677
160.0,231.0,1678
162.0,232.0,1679
166.0,233.0,1680
171.0,235.5,1681
177.0,237.5,1682
185.5,240.5,1683
195.5,244.0,1684
207.5,247.0,1685
220.0,249.5,1686
233.5,251.5,1687
247.5,253.5,1688
262.5,254.5,1689
278.5,255.5,1690
293.5,255.0,1691
309.0,254.0,1692
324.0,252.0,1693
338.0,250.0,1694
351.0,247.0,1695
363.0,244.0,1696
373.5,241.0,1697
382.5,238.0,1698
390.0,235.0,1699
396.0,233.0,1700
400.5,231.0,1701
403.0,230.0,1702
404.0,229.5,1703
403.5,230.0,1704
401.0,231.0,1705
396.5,232.5,1706
390.5,235.0,1707
383.0,237.5,1708
373.5,240.5,1709
363.0,243.5,1710
351.0,247.0,1711
338.0,249.5,1712
324.0,252.0,1713
309.0,254.0,1714
293.5,255.0,1715
278.0,255.0,1716
263.0,254.5,1717
248.0,253.5,1718
233.5,251.5,1719
220.0,249.0,1720
208.5,247.0,1721
197.0,244.0,1722
186.5,241.0,1723
178.5,238.0,1724
172.0,236.0,1725
167.0,234.0,1726
163.5,233.0,1727
161.5,232.0,1728
161.5,232.0,1729
163.0,232.0,1730
166.0,233.5,1731
171.0,235.5,1732
177.0,237.5,1733
184.5,240.5,1734
194.0,243.5,1735
205.5,246.5,1736
217.5,248.5,1737
231.0,251.5,1738
245.0,253.5,1739
259.5,254.5,1740
274.5,255.0,1741
290.0,255.0,1742
305.5,254.0,1743
320.0,252.5,1744
334.5,250.0,1745
347.5,248.0,1746
359.5,245.0,1747
370.5,242.0,1748
380.0,239.0,1749
387.5,236.0,1750
394.5,234.0,1751
399.0,232.0,1752
402.5,231.0,1753
403.5,230.0,1754
403.5,230.0,1755
401.0,231.0,1756
397.5,233.0,1757
391.5,235.0,1758
384.5,237.0,1759
375.5,240.0,1760
365.5,243.0,1761
354.5,246.0,1762
341.5,249.0,1763
327.5,251.5,1764
313.5,253.0,1765
298.0,254.5,1766
282.5,255.0,1767
267.5,254.5,1768
253.0,253.5,1769
238.5,252.0,1770
225.0,250.0,1771
212.5,247.5,1772
201.5,245.0,1773
191.0,242.0,1774
182.5,239.5,1775
175.5,236.5,1776
170.5,235.0,1777
166.5,233.5,1778
164.5,232.5,1779
163.5,232.5,1780
164.5,232.5,1781
167.5,233.5,1782
172.0,235.5,1783
177.5,237.5,1784
184.5,240.5,1785
194.0,243.0,1786
204.5,246.5,1787
216.5,248.5,1788
229.0,251.0,1789
243.0,252.5,1790
257.5,254.5,1791
272.5,255.5,1792
287.5,255.5,1793
302.5,254.5,1794
317.0,253.5,1795
331.5,251.5,1796
344.5,248.5,1797
356.5,246.5,1798
367.5,243.0,1799
377.5,240.5,1800
385.5,237.5,1801
392.5,234.5,1802
397.5,233.0,1803
400.5,231.5,1804
402.5,230.5,1805
402.5,230.5,1806
401.0,231.5,1807
397.5,233.0,1808
392.5,235.0,1809
385.5,237.0,1810
377.5,240.0,1811
367.5,243.0,1812
356.5,246.0,1813
344.5,248.5,1814
331.0,251.0,1815
316.5,253.0,1816
302.0,254.5,1817
287.0,255.5,1818
272.0,255.0,1819
257.0,254.5,1820
243.0,252.5,1821
229.5,251.0,1822
216.5,248.5,1823
205.5,246.5,1824
195.0,243.5,1825
186.0,240.5,1826
179.0,238.0,1827
173.5,236.5,1828
169.5,234.5,1829
166.5,233.5,1830
165.5,233.5,1831
166.5,233.5,1832
168.5,234.5,1833
172.5,236.0,1834
177.5,237.5,1835
184.5,240.0,1836
193.0,242.5,1837
203.5,246.0,1838
214.5,248.5,1839
227.0,250.5,1840
240.5,252.5,1841
254.0,254.0,1842
269.0,255.0,1843
284.0,255.0,1844
299.0,254.5,1845
313.5,253.0,1846
313.5,253.0,1847
327.5,252.0,1848
340.5,249.0,1849
353.0,247.0,1850
364.5,244.0,1851
373.5,241.0,1852
382.5,238.0,1853
389.5,236.0,1854
394.5,234.0,1855
398.0,232.0,1856
400.5,231.0,1857
400.5,231.0,1858
399.5,232.0,1859
396.0,233.0,1860
391.5,235.0,1861
385.5,237.0,1862
377.5,240.0,1863
367.5,242.5,1864
357.5,245.0,1865
345.5,248.0,1866
332.5,251.0,1867
318.5,253.0,1868
303.5,254.0,1869
289.0,255.0,1870
274.5,255.0,1871
259.5,254.5,1872
245.0,253.0,1873
232.0,251.5,1874
219.0,248.5,1875
207.5,247.0,1876
197.5,244.0,1877
187.5,241.5,1878
180.5,238.5,1879
175.0,236.5,1880
171.0,235.5,1881
167.5,234.0,1882
166.5,233.5,1883
166.5,233.5,1884
168.5,234.5,1885
172.0,235.5,1886
177.0,237.5,1887
183.5,239.5,1888
191.5,242.5,1889
201.5,245.0,1890
212.5,247.5,1891
224.0,250.0,1892
237.5,252.5,1893
251.0,253.5,1894
265.5,255.0,1895
280.0,255.5,1896
294.5,255.0,1897
309.0,254.0,1898
323.5,252.0,1899
336.5,250.0,1900
348.5,248.0,1901
360.5,245.0,1902
369.5,242.0,1903
378.5,239.0,1904
385.5,237.0,1905
391.0,235.0,1906
395.0,233.5,1907
397.0,232.5,1908
398.0,232.0,1909
397.0,232.5,1910
394.5,233.5,1911
390.0,235.0,1912
384.0,237.5,1913
377.0,240.0,1914
368.0,242.5,1915
357.5,245.5,1916
346.0,248.0,1917
333.0,250.0,1918
320.0,252.5,1919
305.5,254.0,1920
291.0,255.0,1921
276.0,255.0,1922
262.0,254.5,1923
248.0,253.5,1924
234.5,252.0,1925
221.5,250.0,1926
210.5,247.0,1927
199.5,245.0,1928
190.0,242.0,1929
182.5,240.0,1930
176.5,237.5,1931
172.0,236.0,1932
169.0,235.0,1933
167.5,234.0,1934
167.5,234.0,1935
169.0,235.0,1936
172.0,236.0,1937
176.5,237.5,1938
182.5,239.5,1939
190.5,242.5,1940
200.5,245.0,1941
210.5,247.0,1942
222.0,249.5,1943
235.0,251.5,1944
248.5,253.5,1945
262.5,254.5,1946
277.0,255.0,1947
291.5,255.0,1948
306.0,254.0,1949
320.0,252.5,1950
333.0,250.5,1951
345.5,248.0,1952
357.0,245.0,1953
367.5,243.0,1954
375.5,240.0,1955
383.5,238.0,1956
389.5,236.0,1957
393.5,234.0,1958
396.5,233.0,1959
397.5,233.0,1960
396.5,233.0,1961
394.5,234.0,1962
390.5,235.0,1963
384.5,237.0,1964
377.5,239.5,1965
369.5,242.0,1966
359.5,245.0,1967
348.5,248.0,1968
335.5,250.0,1969
322.5,252.0,1970
308.5,254.0,1971
294.5,254.5,1972
280.0,255.0,1973
265.5,254.5,1974
251.5,253.5,1975
238.0,252.0,1976
225.5,250.0,1977
214.0,247.5,1978
203.5,246.0,1979
194.0,243.0,1980
185.5,240.5,1981
179.5,238.5,1982
175.0,236.5,1983
171.5,235.5,1984
170.0,234.5,1985
169.5,234.5,1986
171.0,235.5,1987
173.5,236.0,1988
177.5,237.5,1989
183.5,239.5,1990
191.0,242.5,1991
200.5,245.0,1992
210.5,247.0,1993
222.0,249.5,1994
234.0,251.5,1995
248.0,253.5,1996
261.5,254.5,1997
275.5,255.5,1998
290.0,255.0,1999
304.5,254.5,2000
318.0,253.0,2001
331.5,251.5,2002
344.0,248.5,2003
355.5,246.5,2004
365.5,243.5,2005
374.5,241.0,2006
381.5,238.5,2007
387.5,236.5,2008
392.5,234.5,2009
395.5,233.5,2010
396.5,233.5,2011
396.5,233.5,2012
394.5,234.5,2013
390.5,235.5,2014
385.5,237.5,2015
378.5,239.5,2016
370.5,242.0,2017
361.0,245.0,2018
350.5,247.5,2019
338.0,250.0,2020
325.0,252.0,2021
312.0,253.5,2022
298.0,254.5,2023
283.5,255.5,2024
269.0,255.0,2025
255.0,254.5,2026
242.0,252.5,2027
229.5,251.0,2028
217.5,248.5,2029
207.0,247.0,2030
198.0,244.0,2031
189.0,241.5,2032
182.5,239.5,2033
177.5,237.5,2034
174.5,236.5,2035
172.5,235.5,2036
171.5,235.5,2037
172.5,235.5,2038
175.0,236.5,2039
179.0,238.0,2040
184.5,240.0,2041
191.0,242.5,2042
200.5,245.0,2043
210.5,247.0,2044
221.0,249.5,2045
233.0,251.5,2046
246.0,253.5,2047
259.0,254.5,2048
273.5,255.0,2049
287.5,255.0,2050
301.5,254.5,2051
315.5,253.0,2052
328.5,252.0,2053
340.5,249.0,2054
352.5,247.0,2055
362.5,244.0,2056
371.5,242.0,2057
379.5,239.0,2058
385.5,237.0,2059
390.0,235.0,2060
393.5,234.0,2061
394.5,234.0,2062
394.5,234.0,2063
392.5,234.0,2064
389.5,235.5,2065
384.5,237.0,2066
378.5,239.5,2067
370.5,242.0,2068
361.5,244.5,2069
350.5,247.0,2070
338.5,249.5,2071
326.5,251.5,2072
312.5,253.0,2073
299.0,254.0,2074
285.0,255.0,2075
271.0,255.0,2076
257.0,254.0,2077
244.0,252.5,2078
231.0,251.0,2079
219.0,249.0,2080
208.5,247.0,2081
199.5,244.5,2082
190.5,242.5,2083
183.5,239.5,2084
178.5,238.0,2085
175.0,236.5,2086
172.5,235.5,2087
172.0,235.5,2088
172.5,235.5,2089
175.0,236.5,2090
178.5,238.0,2091
183.5,239.5,2092
190.0,242.0,2093
199.5,244.5,2094
208.5,247.0,2095
219.0,248.5,2096
231.0,251.5,2097
243.5,252.5,2098
256.5,254.5,2099
270.5,255.0,2100
284.5,255.0,2101
298.5,255.0,2102
312.0,254.0,2103
325.0,252.0,2104
337.5,250.0,2105
349.0,248.0,2106
359.5,245.0,2107
368.5,243.0,2108
376.5,240.0,2109
382.5,238.0,2110
387.5,236.0,2111
390.5,235.0,2112
392.0,234.5,2113
392.5,234.5,2114
391.0,235.0,2115
388.0,236.0,2116
383.5,237.5,2117
377.0,239.5,2118
369.5,242.0,2119
361.0,244.5,2120
350.5,247.0,2121
339.0,249.0,2122
327.0,251.5,2123
314.0,253.0,2124
300.0,254.0,2125
286.0,255.0,2126
272.0,255.0,2127
258.0,254.5,2128
245.0,253.5,2129
232.5,251.5,2130
221.0,249.5,2131
210.5,247.0,2132
201.0,245.5,2133
192.0,243.0,2134
185.5,240.5,2135
179.5,238.5,2136
176.0,237.0,2137
173.5,236.5,2138
172.5,236.0,2139
173.0,236.0,2140
175.0,237.0,2141
178.5,238.0,2142
183.5,240.0,2143
189.5,242.0,2144
198.5,244.5,2145
207.5,247.0,2146
217.5,249.0,2147
229.0,251.0,2148
241.5,252.5,2149
254.5,254.5,2150
268.0,255.0,2151
282.0,255.0,2152
296.0,255.0,2153
309.5,254.0,2154
322.5,252.0,2155
335.0,250.0,2156
346.5,248.0,2157
357.0,245.5,2158
366.0,243.0,2159
374.0,241.0,2160
380.5,238.5,2161
385.5,237.0,2162
389.5,235.5,2163
391.5,235.0,2164
391.5,235.0,2165
390.5,235.0,2166
387.5,236.0,2167
383.5,237.5,2168
377.5,239.5,2169
370.5,242.0,2170
361.5,244.0,2171
351.5,247.0,2172
340.5,249.0,2173
328.5,251.0,2174
315.5,253.0,2175
302.5,254.0,2176
288.5,255.0,2177
275.0,255.0,2178
261.5,254.5,2179
248.0,253.5,2180
236.0,251.5,2181
224.0,249.5,2182
213.5,247.5,2183
203.5,246.0,2184
195.0,243.5,2185
187.5,241.0,2186
182.5,239.5,2187
178.5,237.5,2188
175.5,236.5,2189
174.5,236.5,2190
175.0,236.5,2191
176.5,237.5,2192
179.5,238.5,2193
184.5,240.0,2194
191.0,242.0,2195
199.0,244.5,2196
208.0,247.0,2197
218.0,248.5,2198
229.0,250.5,2199
241.0,252.5,2200
254.5,254.0,2201
267.5,254.5,2202
281.5,255.0,2203
294.5,255.0,2204
308.5,254.0,2205
321.5,252.5,2206
333.5,250.5,2207
345.0,248.5,2208
355.5,246.0,2209
365.0,243.5,2210
373.0,241.5,2211
379.5,239.5,2212
384.5,237.5,2213
388.5,236.5,2214
390.5,235.5,2215
391.5,235.5,2216
390.5,235.5,2217
387.5,236.5,2218
383.5,238.0,2219
378.5,240.0,2220
371.0,242.0,2221
362.5,244.5,2222
353.0,247.0,2223
342.5,249.0,2224
330.5,251.5,2225
318.0,253.0,2226
305.0,254.5,2227
291.0,255.0,2228
278.0,255.5,2229
264.5,254.5,2230
251.5,253.5,2231
239.0,252.5,2232
227.0,250.5,2233
216.5,248.5,2234
207.0,247.0,2235
198.0,244.0,2236
191.0,242.5,2237
185.0,240.5,2238
181.0,238.5,2239
178.0,237.5,2240
176.5,237.5,2241
177.0,237.5,2242
178.5,238.0,2243
181.5,239.0,2244
186.0,240.5,2245
191.5,242.5,2246
200.0,244.5,2247
208.0,247.0,2248
218.0,248.5,2249
229.0,251.0,2250
240.5,252.5,2251
253.0,254.0,2252
266.0,255.0,2253
280.0,255.0,2254
293.0,255.0,2255
306.5,254.0,2256
319.0,253.0,2257
331.5,251.0,2258
343.0,249.0,2259
353.5,247.0,2260
362.5,244.0,2261
370.5,242.0,2262
377.5,240.0,2263
382.5,238.0,2264
386.5,237.0,2265
388.5,236.0,2266
389.5,236.0,2267
388.5,236.0,2268
386.5,237.0,2269
382.5,238.0,2270
377.5,240.0,2271
370.5,242.0,2272
362.5,244.0,2273
353.0,246.5,2274
342.5,249.0,2275
330.5,251.0,2276
318.5,252.5,2277
305.5,254.0,2278
292.0,255.0,2279
278.5,255.0,2280
265.5,254.5,2281
252.0,253.5,2282
240.0,252.5,2283
228.0,250.5,2284
217.5,248.5,2285
208.5,247.0,2286
199.5,244.5,2287
191.5,242.5,2288
185.5,240.5,2289
181.5,239.0,2290
178.5,238.0,2291
177.5,237.5,2292
177.5,237.5,2293
178.5,238.0,2294
181.5,239.0,2295
185.5,240.5,2296
191.0,242.5,2297
199.0,244.5,2298
207.5,247.0,2299
216.5,248.5,2300
227.0,250.5,2301
239.0,252.5,2302
251.0,253.5,2303
264.0,254.5,2304
277.5,255.0,2305
290.5,255.0,2306
303.5,254.0,2307
316.5,253.0,2308
328.5,252.0,2309
340.0,249.5,2310
350.5,247.0,2311
360.0,245.0,2312
368.5,243.0,2313
374.5,241.0,2314
380.5,239.0,2315
384.5,237.5,2316
386.5,237.0,2317
387.5,236.0,2318
386.5,236.5,2319
384.5,237.0,2320
381.0,238.5,2321
376.0,240.0,2322
369.5,242.0,2323
361.5,244.5,2324
352.0,246.5,2325
342.0,249.0,2326
330.5,251.0,2327
318.5,253.0,2328
305.5,254.0,2329
292.5,255.0,2330
279.5,255.0,2331
266.0,254.5,2332
253.5,254.0,2333
241.0,252.5,2334
229.0,251.0,2335
218.5,249.0,2336
209.5,247.0,2337
200.5,245.5,2338
193.0,243.0,2339
186.5,241.0,2340
182.5,239.5,2341
179.5,238.5,2342
177.5,238.0,2343
177.5,238.0,2344
178.5,238.5,2345
181.5,239.0,2346
185.5,241.0,2347
191.0,242.5,2348
198.5,244.5,2349
206.5,247.0,2350
215.5,248.5,2351
226.0,250.5,2352
237.5,252.5,2353
250.0,253.5,2354
262.0,254.5,2355
275.0,255.0,2356
289.0,255.0,2357
301.5,254.0,2358
314.0,253.0,2359
326.5,252.0,2360
338.0,250.0,2361
348.5,247.5,2362
358.0,245.0,2363
366.0,243.0,2364
373.0,241.0,2365
378.5,239.0,2366
382.5,238.0,2367
385.0,237.0,2368
386.5,236.5,2369
385.5,236.5,2370
383.5,237.5,2371
380.5,238.5,2372
375.5,240.0,2373
369.0,242.0,2374
361.5,244.0,2375
352.5,246.5,2376
342.5,249.0,2377
331.5,251.0,2378
319.5,252.0,2379
307.0,254.0,2380
294.0,255.0,2381
281.0,255.0,2382
268.0,254.5,2383
255.0,254.0,2384
243.0,252.5,2385
232.0,251.5,2386
221.0,249.5,2387
211.5,247.0,2388
202.5,246.0,2389
195.0,243.5,2390
188.5,241.5,2391
184.5,240.5,2392
181.5,238.5,2393
179.5,238.5,2394
179.5,238.0,2395
180.5,238.5,2396
182.5,239.5,2397
186.5,240.5,2398
192.0,242.5,2399
199.5,244.5,2400
207.5,247.0,2401
216.5,248.5,2402
227.0,250.5,2403
238.0,252.5,2404
250.0,253.5,2405
262.0,254.5,2406
275.5,255.0,2407
288.5,255.0,2408
301.0,254.5,2409
314.0,253.0,2410
325.5,252.0,2411
337.5,250.0,2412
347.5,248.0,2413
357.0,245.5,2414
365.5,243.5,2415
372.0,241.5,2416
378.0,239.5,2417
382.0,238.5,2418
384.5,237.5,2419
386.0,237.0,2420
385.5,237.0,2421
384.0,237.5,2422
380.5,239.0,2423
376.0,240.5,2424
369.5,242.5,2425
362.5,244.5,2426
353.5,246.5,2427
343.5,248.5,2428
332.5,250.5,2429
321.0,252.5,2430
308.5,254.0,2431
295.5,254.5,2432
283.0,255.5,2433
270.0,255.5,2434
257.5,254.5,2435
245.5,253.5,2436
234.0,251.5,2437
223.0,250.0,2438
213.5,248.0,2439
205.5,246.5,2440
198.0,244.0,2441
191.0,242.5,2442
186.5,240.5,2443
183.5,239.5,2444
181.5,239.0,2445
181.5,239.0,2446
182.0,239.5,2447
184.5,240.5,2448
188.0,241.5,2449
193.5,243.0,2450
201.0,245.0,2451
208.5,247.0,2452
217.5,248.5,2453
227.5,250.5,2454
238.5,252.5,2455
250.0,253.5,2456
262.0,254.5,2457
275.0,255.5,2458
288.0,255.5,2459
300.0,254.5,2460
313.0,253.5,2461
324.5,252.0,2462
336.0,250.5,2463
346.5,248.0,2464
355.5,246.0,2465
363.5,244.0,2466
370.5,242.0,2467
376.5,240.0,2468
380.5,239.0,2469
383.5,238.0,2470
384.5,237.5,2471
384.5,237.5,2472
382.5,238.0,2473
379.5,239.0,2474
375.5,241.0,2475
369.5,242.5,2476
362.0,244.5,2477
353.5,246.5,2478
343.5,249.0,2479
333.0,251.0,2480
321.5,252.0,2481
309.5,253.5,2482
297.0,255.0,2483
284.0,255.0,2484
271.5,255.0,2485
259.0,254.0,2486
247.0,253.0,2487
235.5,251.5,2488
225.0,250.0,2489
215.5,247.5,2490
207.0,247.0,2491
199.5,244.5,2492
192.5,242.5,2493
188.0,241.0,2494
184.5,240.0,2495
182.5,239.0,2496
182.0,239.0,2497
182.5,239.5,2498
184.5,240.0,2499
188.0,241.5,2500
193.5,242.5,2501
200.5,244.5,2502
208.0,247.0,2503
216.5,248.5,2504
226.5,250.5,2505
237.0,252.0,2506
249.0,253.5,2507
261.0,254.0,2508
273.0,255.0,2509
285.5,255.0,2510
298.5,254.0,2511
310.5,253.0,2512
322.5,252.0,2513
333.5,250.5,2514
343.5,248.5,2515
353.5,246.5,2516
361.5,244.5,2517
368.5,242.5,2518
374.0,241.0,2519
378.5,239.0,2520
381.5,238.5,2521
382.5,238.0,2522
382.5,238.0,2523
381.5,238.5,2524
378.5,239.5,2525
373.5,241.0,2526
367.5,242.5,2527
360.5,244.5,2528
352.5,246.5,2529
342.5,249.0,2530
332.5,251.0,2531
321.0,252.0,2532
309.5,253.5,2533
296.5,255.0,2534
284.5,255.0,2535
271.5,255.0,2536
259.0,254.5,2537
247.5,253.5,2538
236.0,252.0,2539
225.5,250.5,2540
216.0,248.5,2541
207.5,247.0,2542
200.0,245.0,2543
193.5,243.0,2544
188.5,241.5,2545
184.5,240.5,2546
183.0,239.5,2547
182.0,239.5,2548
182.5,239.5,2549
184.5,240.5,2550
188.5,241.5,2551
193.5,243.0,2552
200.0,245.0,2553
207.5,247.0,2554
216.0,248.5,2555
225.5,250.5,2556
236.0,252.5,2557
247.5,253.5,2558
259.5,254.5,2559
271.5,255.0,2560
284.0,255.0,2561
296.5,255.0,2562
309.0,254.0,2563
320.5,253.0,2564
331.5,251.0,2565
342.0,249.0,2566
351.0,247.0,2567
359.0,245.0,2568
366.0,243.0,2569
372.0,241.5,2570
376.0,240.0,2571
379.0,239.0,2572
381.0,238.5,2573
381.0,238.5,2574
379.5,238.5,2575
377.0,239.5,2576
372.0,241.0,2577
367.0,242.5,2578
360.0,244.5,2579
352.0,246.5,2580
342.0,248.5,2581
332.0,250.5,2582
321.0,252.0,2583
309.0,254.0,2584
297.0,254.5,2585
284.5,255.0,2586
272.0,255.0,2587
260.0,254.5,2588
248.0,253.5,2589
237.0,252.0,2590
226.0,250.5,2591
216.5,248.5,2592
208.5,247.0,2593
201.0,245.5,2594
194.5,243.5,2595
189.5,242.0,2596
186.0,241.0,2597
183.5,240.0,2598
183.5,239.5,2599
183.5,240.0,2600
185.5,240.5,2601
189.0,242.0,2602
193.5,243.0,2603
200.5,245.0,2604
207.5,247.0,2605
216.5,248.5,2606
225.5,250.5,2607
236.0,252.0,2608
247.0,253.5,2609
259.0,254.5,2610
271.0,255.0,2611
283.0,255.0,2612
296.0,255.0,2613
308.0,254.0,2614
319.5,252.5,2615
330.5,251.0,2616
341.0,249.0,2617
350.5,247.0,2618
358.5,245.0,2619
365.5,243.0,2620
371.5,241.5,2621
375.5,240.0,2622
378.5,239.0,2623
380.5,238.5,2624
380.5,238.5,2625
379.5,239.0,2626
376.5,240.0,2627
372.5,241.0,2628
367.5,243.0,2629
360.5,244.5,2630
352.5,246.5,2631
343.0,248.5,2632
333.0,250.5,2633
322.0,252.0,2634
310.5,253.0,2635
298.5,254.0,2636
286.0,255.0,2637
273.5,255.0,2638
261.5,254.5,2639
250.0,253.5,2640
239.0,252.5,2641
228.0,250.5,2642
218.5,248.5,2643
210.5,247.0,2644
202.5,246.0,2645
196.5,244.0,2646
191.0,242.5,2647
187.5,241.5,2648
185.5,240.5,2649
184.5,240.0,2650
185.5,240.5,2651
187.0,240.5,2652
190.0,242.0,2653
196.0,243.5,2654
201.5,245.0,2655
208.5,247.0,2656
217.0,248.5,2657
226.5,250.5,2658
237.0,252.0,2659
248.0,253.5,2660
259.5,254.5,2661
271.5,255.0,2662
283.5,255.0,2663
296.0,255.0,2664
308.5,254.0,2665
319.5,253.0,2666
330.5,251.0,2667
340.5,249.5,2668
350.0,247.5,2669
358.0,245.5,2670
365.0,243.5,2671
371.0,242.0,2672
375.0,240.5,2673
378.5,239.5,2674
380.0,239.0,2675
380.0,239.0,2676
379.0,239.5,2677
376.5,240.5,2678
372.5,241.5,2679
367.0,243.0,2680
360.5,245.0,2681
352.5,247.0,2682
343.5,249.0,2683
333.5,250.5,2684
322.5,252.5,2685
311.5,253.5,2686
299.5,254.5,2687
287.0,255.5,2688
274.5,255.5,2689
263.0,254.5,2690
251.0,253.5,2691
240.0,252.5,2692
230.0,251.0,2693
220.0,249.5,2694
212.5,247.5,2695
205.0,246.5,2696
198.5,244.5,2697
193.0,243.0,2698
189.5,242.0,2699
187.0,241.5,2700
186.5,240.5,2701
187.0,241.0,2702
188.5,241.5,2703
192.0,242.5,2704
197.0,244.0,2705
203.0,246.0,2706
210.0,247.0,2707
218.0,249.0,2708
227.5,250.5,2709
237.5,252.5,2710
248.5,253.5,2711
259.5,254.5,2712
271.5,255.0,2713
283.5,255.5,2714
296.0,255.0,2715
308.0,254.0,2716
319.0,253.0,2717
330.0,251.5,2718
340.0,249.5,2719
349.0,247.5,2720
357.0,246.0,2721
364.0,244.0,2722
369.5,242.0,2723
374.5,241.0,2724
377.5,240.0,2725
378.5,239.5,2726
379.5,239.0,2727
377.5,240.0,2728
375.5,240.5,2729
371.5,242.0,2730
366.5,243.0,2731
359.5,245.0,2732
352.0,247.0,2733
343.0,249.0,2734
333.0,250.5,2735
322.5,252.0,2736
311.5,253.5,2737
300.0,254.5,2738
288.0,255.0,2739
276.0,255.0,2740
264.0,254.5,2741
252.0,253.5,2742
241.5,252.5,2743
231.0,251.5,2744
221.5,249.5,2745
213.5,247.5,2746
206.0,247.0,2747
200.0,244.5,2748
194.5,243.5,2749
191.0,242.0,2750
188.5,241.5,2751
187.5,241.0,2752
188.0,241.0,2753
190.0,241.5,2754
193.0,242.5,2755
198.0,244.0,2756
203.5,246.0,2757
210.5,247.0,2758
218.5,248.5,2759
227.5,250.5,2760
237.5,252.0,2761
248.0,253.5,2762
259.0,254.0,2763
271.0,255.0,2764
283.0,255.0,2765
295.0,255.0,2766
306.5,254.0,2767
317.5,253.0,2768
328.5,251.5,2769
338.5,250.0,2770
347.5,248.0,2771
355.5,246.0,2772
362.5,244.0,2773
368.5,242.5,2774
372.5,241.0,2775
375.5,240.0,2776
377.5,240.0,2777
377.5,239.5,2778
376.5,240.0,2779
374.0,241.0,2780
370.5,242.0,2781
365.0,243.5,2782
358.5,245.0,2783
351.0,247.0,2784
342.5,248.5,2785
332.5,250.5,2786
322.0,252.0,2787
311.0,253.0,2788
299.0,254.0,2789
287.5,255.0,2790
275.5,255.0,2791
264.0,254.5,2792
252.0,253.5,2793
241.0,252.5,2794
231.0,251.0,2795
222.0,249.5,2796
213.5,247.5,2797
206.5,247.0,2798
200.5,245.0,2799
195.0,243.5,2800
191.0,242.5,2801
189.0,241.5,2802
188.0,241.5,2803
188.0,241.5,2804
190.0,241.5,2805
193.0,242.5,2806
198.0,244.0,2807
203.5,246.0,2808
210.5,247.0,2809
218.0,248.5,2810
227.0,250.5,2811
237.0,252.0,2812
247.0,253.5,2813
258.0,254.5,2814
270.0,255.0,2815
281.5,255.0,2816
293.5,255.0,2817
305.5,254.0,2818
316.5,253.0,2819
327.0,252.0,2820
336.5,250.0,2821
346.0,248.0,2822
353.5,246.5,2823
360.5,244.5,2824
366.5,243.0,2825
370.5,242.0,2826
373.5,241.0,2827
375.5,240.5,2828
376.5,240.5,2829
374.5,240.5,2830
372.5,241.5,2831
368.5,242.5,2832
363.5,244.0,2833
357.5,245.5,2834
349.5,247.0,2835
341.5,249.0,2836
331.5,251.0,2837
321.5,252.0,2838
310.5,254.0,2839
298.5,254.5,2840
287.5,255.0,2841
275.5,255.0,2842
263.5,254.5,2843
252.5,253.5,2844
241.5,252.5,2845
231.5,251.5,2846
222.5,249.5,2847
214.0,248.0,2848
207.0,247.0,2849
201.0,245.5,2850
195.5,244.0,2851
191.5,243.0,2852
189.5,242.0,2853
188.5,241.5,2854
188.5,242.0,2855
190.5,242.0,2856
193.5,243.0,2857
198.5,244.5,2858
204.0,246.5,2859
210.5,247.0,2860
218.0,249.0,2861
227.0,250.5,2862
237.0,252.5,2863
247.0,253.5,2864
258.0,254.5,2865
269.5,255.0,2866
281.0,255.0,2867
293.0,255.0,2868
304.0,254.0,2869
315.0,253.0,2870
326.0,252.0,2871
335.5,250.0,2872
344.5,248.5,2873
352.0,246.5,2874
359.0,245.0,2875
365.0,243.5,2876
369.0,242.0,2877
372.0,241.5,2878
374.0,240.5,2879
374.5,240.5,2880
373.5,240.5,2881
371.0,241.5,2882
367.0,242.5,2883
362.0,244.0,2884
356.0,245.5,2885
349.0,247.5,2886
340.0,249.0,2887
331.0,251.0,2888
320.5,252.0,2889
310.0,254.0,2890
298.0,254.0,2891
287.0,255.0,2892
275.0,255.0,2893
263.5,254.5,2894
253.0,253.5,2895
242.0,252.5,2896
232.0,251.5,2897
223.0,250.0,2898
214.5,248.0,2899
207.5,247.0,2900
201.5,245.5,2901
197.0,244.0,2902
193.0,243.0,2903
190.0,242.5,2904
189.5,242.0,2905
189.5,242.0,2906
191.0,242.5,2907
194.5,243.5,2908
199.0,245.0,2909
204.5,246.5,2910
211.0,247.5,2911
218.5,249.0,2912
227.0,250.5,2913
237.0,252.5,2914
247.0,253.5,2915
258.0,254.5,2916
269.0,255.0,2917
281.0,255.0,2918
292.0,255.0,2919
304.0,254.0,2920
315.0,253.0,2921
325.0,252.0,2922
335.0,250.0,2923
344.0,248.5,2924
352.0,246.5,2925
358.5,245.0,2926
364.0,243.5,2927
368.5,242.5,2928
371.5,241.5,2929
373.5,241.0,2930
373.5,240.5,2931
372.5,241.0,2932
370.5,241.5,2933
367.0,242.5,2934
362.0,244.0,2935
356.0,245.5,2936
348.5,247.5,2937
340.0,249.0,2938
331.0,251.0,2939
321.0,252.0,2940
310.0,253.5,2941
299.0,254.0,2942
287.0,255.0,2943
276.0,255.0,2944
264.0,254.5,2945
253.5,253.5,2946
243.0,252.5,2947
233.0,251.5,2948
224.0,250.0,2949
215.5,248.5,2950
209.0,247.0,2951
203.0,246.0,2952
198.0,244.0,2953
194.0,243.5,2954
191.5,242.5,2955
191.0,242.5,2956
191.0,242.5,2957
192.5,243.0,2958
196.0,244.0,2959
200.0,245.0,2960
205.5,246.5,2961
212.5,247.5,2962
219.5,249.5,2963
228.0,250.5,2964
237.5,252.5,2965
248.0,253.5,2966
258.5,254.5,2967
270.0,255.0,2968
281.0,255.0,2969
292.5,255.0,2970
304.0,254.0,2971
315.0,253.0,2972
325.0,252.0,2973
335.0,250.0,2974
343.5,248.5,2975
351.5,247.0,2976
358.5,245.0,2977
363.5,243.5,2978
368.5,242.5,2979
371.5,241.5,2980
372.5,241.0,2981
373.5,241.0,2982
372.5,241.0,2983
370.5,242.0,2984
366.5,243.0,2985
361.5,244.0,2986
355.5,246.0,2987
348.5,247.0,2988
340.0,249.0,2989
331.0,251.0,2990
320.5,252.0,2991
310.5,253.0,2992
299.0,254.0,2993
288.0,255.0,2994
276.5,255.0,2995
265.0,254.5,2996
254.0,253.5,2997
244.0,252.5,2998
234.0,251.5,2999
225.0,250.0,3000
217.0,248.5,3001
210.5,247.0,3002
204.5,246.0,3003
199.5,244.5,3004
196.0,243.5,3005
193.0,242.5,3006
192.0,242.5,3007
192.0,242.5,3008
194.0,243.0,3009
197.0,244.0,3010
201.5,245.0,3011
207.0,247.0,3012
213.5,247.5,3013
220.5,249.5,3014
229.0,250.5,3015
238.5,252.5,3016
249.0,253.5,3017
259.0,254.5,3018
270.0,255.0,3019
282.0,255.0,3020
293.0,255.0,3021
304.0,254.0,3022
315.0,253.0,3023
325.0,252.0,3024
334.5,250.0,3025
343.5,249.0,3026
351.5,247.0,3027
357.5,245.5,3028
363.5,244.0,3029
367.5,243.0,3030
370.5,242.0,3031
372.5,241.5,3032
372.5,241.0,3033
371.5,241.5,3034
369.5,242.0,3035
366.0,243.0,3036
361.5,244.5,3037
355.5,246.0,3038
348.0,248.0,3039
339.5,249.5,3040
330.5,251.0,3041
320.5,252.5,3042
310.5,253.5,3043
299.5,254.5,3044
288.5,255.0,3045
277.0,255.0,3046
266.0,254.5,3047
255.0,254.0,3048
245.0,252.5,3049
235.0,251.5,3050
226.0,250.5,3051
218.5,248.5,3052
211.5,247.5,3053
205.5,246.5,3054
201.0,245.0,3055
197.0,244.0,3056
194.5,243.5,3057
193.5,242.5,3058
194.0,243.5,3059
196.0,243.5,3060
199.0,244.5,3061
203.0,246.0,3062
208.0,247.0,3063
214.5,248.0,3064
221.5,249.5,3065
230.0,251.5,3066
239.0,252.5,3067
249.0,253.5,3068
259.5,254.5,3069
270.5,255.0,3070
281.5,255.5,3071
293.5,255.0,3072
304.0,254.0,3073
314.5,253.0,3074
324.5,252.0,3075
334.5,250.5,3076
343.0,249.0,3077
350.5,247.5,3078
357.5,246.0,3079
362.5,244.0,3080
366.5,243.0,3081
369.5,242.0,3082
371.5,242.0,3083
371.5,241.5,3084
371.0,242.0,3085
368.5,242.5,3086
365.5,243.5,3087
360.5,245.0,3088
354.5,246.5,3089
347.5,248.0,3090
339.5,249.5,3091
330.0,251.5,3092
320.5,252.5,3093
309.5,254.0,3094
299.0,254.5,3095
288.0,255.5,3096
277.0,255.5,3097
266.0,255.0,3098
255.0,254.5,3099
245.0,253.5,3100
235.0,252.0,3101
226.5,250.5,3102
219.0,249.0,3103
212.5,247.5,3104
206.5,247.0,3105
201.5,245.5,3106
198.0,244.5,3107
196.0,243.5,3108
194.0,243.5,3109
195.0,243.5,3110
197.0,244.0,3111
199.5,245.0,3112
204.0,246.0,3113
209.0,247.0,3114
215.5,248.5,3115
222.5,249.5,3116
231.0,251.5,3117
240.0,252.5,3118
250.0,253.5,3119
260.5,254.5,3120
271.0,255.5,3121
282.0,255.5,3122
294.0,255.0,3123
304.0,254.5,3124
315.0,253.5,3125
325.0,252.0,3126
334.0,251.0,3127
343.0,249.0,3128
350.5,247.5,3129
357.0,246.0,3130
362.0,244.5,3131
366.5,243.0,3132
369.5,242.5,3133
371.0,242.0,3134
371.5,242.0,3135
370.5,242.0,3136
368.0,243.0,3137
365.0,244.0,3138
360.0,245.0,3139
354.0,246.5,3140
347.0,248.0,3141
339.0,250.0,3142
330.0,251.0,3143
320.0,253.0,3144
310.0,254.0,3145
299.0,254.5,3146
288.0,255.0,3147
277.0,255.5,3148
266.5,255.0,3149
255.5,254.5,3150
245.5,253.5,3151
236.5,252.0,3152
227.5,250.5,3153
219.5,249.5,3154
213.0,247.5,3155
207.0,247.0,3156
203.0,246.0,3157
199.0,244.5,3158
197.0,244.0,3159
196.0,243.5,3160
196.5,243.5,3161
198.0,244.5,3162
201.0,245.0,3163
205.0,246.5,3164
210.0,247.0,3165
216.5,248.5,3166
223.5,250.0,3167
231.5,251.5,3168
241.0,252.5,3169
250.5,253.5,3170
261.0,254.5,3171
272.0,255.0,3172
283.0,255.0,3173
294.0,255.0,3174
304.0,254.0,3175
315.0,253.0,3176
324.5,252.0,3177
334.0,251.0,3178
342.0,249.0,3179
349.5,247.5,3180
356.0,246.0,3181
361.5,245.0,3182
365.5,243.5,3183
368.5,243.0,3184
369.5,242.0,3185
370.5,242.0,3186
369.5,242.0,3187
367.0,243.0,3188
363.5,244.0,3189
359.0,245.0,3190
353.0,247.0,3191
346.0,248.0,3192
338.0,250.0,3193
329.0,251.0,3194
319.0,253.0,3195
309.0,254.0,3196
299.0,254.5,3197
288.0,255.0,3198
277.0,255.0,3199
266.0,255.0,3200
255.5,254.5,3201
245.5,253.5,3202
236.5,252.5,3203
227.5,250.5,3204
220.5,249.5,3205
213.5,248.0,3206
208.0,247.0,3207
203.5,246.0,3208
200.0,245.0,3209
198.0,244.5,3210
197.0,243.5,3211
197.0,244.0,3212
199.0,244.5,3213
202.0,245.5,3214
206.0,247.0,3215
211.0,247.5,3216
217.0,248.5,3217
224.5,250.5,3218
232.5,251.5,3219
241.5,252.5,3220
251.0,253.5,3221
261.5,254.5,3222
272.0,255.0,3223
283.0,255.0,3224
294.0,255.0,3225
304.0,254.0,3226
314.5,253.0,3227
324.0,252.0,3228
333.0,251.0,3229
341.5,249.0,3230
349.0,248.0,3231
355.5,246.0,3232
360.5,245.0,3233
364.5,244.0,3234
367.5,243.0,3235
368.5,242.5,3236
369.5,242.0,3237
368.5,243.0,3238
366.0,243.0,3239
362.5,244.0,3240
357.5,245.0,3241
352.0,247.0,3242
345.0,248.0,3243
337.0,250.0,3244
328.0,251.0,3245
318.5,253.0,3246
308.5,254.0,3247
298.0,254.5,3248
287.0,255.0,3249
277.0,255.0,3250
266.0,255.0,3251
255.5,254.0,3252
246.0,253.0,3253
236.5,252.0,3254
228.0,250.5,3255
220.5,249.5,3256
214.0,247.5,3257
208.5,247.0,3258
204.0,246.0,3259
201.0,245.0,3260
199.0,244.5,3261
198.0,244.5,3262
198.0,244.5,3263
200.0,244.5,3264
202.5,246.0,3265
207.0,247.0,3266
211.5,247.5,3267
217.5,248.5,3268
225.0,250.5,3269
233.5,251.5,3270
242.0,253.0,3271
252.0,253.5,3272
262.0,254.5,3273
272.0,255.0,3274
283.0,255.0,3275
294.0,255.0,3276
304.0,254.0,3277
314.5,253.0,3278
324.0,252.0,3279
333.0,251.0,3280
341.0,249.0,3281
348.5,248.0,3282
354.5,246.0,3283
359.5,245.0,3284
363.5,244.0,3285
366.5,243.0,3286
367.5,242.5,3287
368.5,242.5,3288
367.5,243.0,3289
365.0,243.5,3290
361.5,244.5,3291
356.5,246.0,3292
351.0,247.0,3293
344.0,248.5,3294
336.0,250.0,3295
327.0,251.0,3296
318.0,253.0,3297
308.0,254.0,3298
297.0,255.0,3299
287.0,255.0,3300
276.0,255.0,3301
266.0,255.0,3302
255.5,254.0,3303
245.5,253.0,3304
236.5,252.0,3305
228.5,250.5,3306
220.5,249.5,3307
214.5,247.5,3308
209.0,247.0,3309
204.5,246.0,3310
201.5,245.5,3311
199.5,244.5,3312
199.0,244.5,3313
199.0,244.5,3314
201.0,245.0,3315
203.5,246.0,3316
207.5,247.0,3317
212.5,247.5,3318
218.5,249.0,3319
225.5,250.5,3320
234.0,251.5,3321
243.0,253.0,3322
252.5,254.0,3323
262.5,254.5,3324
273.0,255.0,3325
283.0,255.0,3326
294.0,255.0,3327
304.0,254.0,3328
314.5,253.0,3329
324.0,252.0,3330
333.0,251.0,3331
341.0,249.0,3332
348.0,248.0,3333
354.0,246.0,3334
359.0,245.0,3335
363.0,244.0,3336
365.5,243.5,3337
367.0,243.0,3338
367.5,243.0,3339
366.0,243.0,3340
364.0,244.0,3341
360.5,245.0,3342
355.5,246.0,3343
350.0,247.0,3344
343.0,249.0,3345
335.0,250.0,3346
326.0,252.0,3347
317.0,253.0,3348
307.0,254.0,3349
297.0,255.0,3350
286.0,255.0,3351
276.0,255.0,3352
265.0,255.0,3353
255.0,254.0,3354
245.5,253.0,3355
236.5,252.0,3356
228.5,250.5,3357
221.5,249.5,3358
215.0,247.5,3359
209.5,247.0,3360
205.5,246.5,3361
202.0,245.5,3362
200.5,244.5,3363
199.5,244.5,3364
200.0,244.5,3365
201.5,245.5,3366
204.5,246.0,3367
208.5,247.0,3368
213.5,247.5,3369
219.5,249.0,3370
226.5,250.5,3371
235.0,252.0,3372
243.5,253.0,3373
253.0,254.0,3374
263.0,255.0,3375
273.0,255.0,3376
284.0,255.0,3377
294.0,255.0,3378
304.5,254.0,3379
314.5,253.0,3380
324.0,252.0,3381
332.5,251.0,3382
340.5,249.0,3383
347.5,248.0,3384
353.5,246.5,3385
358.5,245.0,3386
362.5,244.0,3387
364.5,243.5,3388
366.5,243.0,3389
366.5,243.0,3390
365.5,243.5,3391
363.0,244.0,3392
359.5,245.0,3393
354.5,246.0,3394
349.0,247.5,3395
342.0,249.0,3396
334.0,250.0,3397
325.5,252.0,3398
316.0,253.0,3399
306.0,254.0,3400
296.0,255.0,3401
286.0,255.0,3402
275.0,255.0,3403
265.0,255.0,3404
255.0,254.0,3405
245.5,253.0,3406
236.5,252.0,3407
228.5,250.5,3408
221.5,249.5,3409
215.5,248.0,3410
210.0,247.0,3411
206.0,247.0,3412
203.0,246.0,3413
201.0,245.0,3414
200.5,244.5,3415
201.0,245.0,3416
202.5,245.5,3417
205.5,247.0,3418
209.5,247.0,3419
214.5,248.0,3420
220.5,249.5,3421
227.5,250.5,3422
235.5,252.0,3423
244.5,253.0,3424
254.0,254.0,3425
264.0,255.0,3426
274.0,255.0,3427
284.0,255.0,3428
295.0,255.0,3429
305.0,254.0,3430
315.0,253.0,3431
324.0,252.0,3432
332.5,251.0,3433
340.0,249.0,3434
347.0,248.0,3435
353.0,246.5,3436
358.0,245.5,3437
361.5,244.5,3438
364.0,243.5,3439
365.5,243.5,3440
365.5,243.5,3441
364.5,243.5,3442
362.0,244.5,3443
358.5,245.0,3444
353.5,246.5,3445
348.0,248.0,3446
341.0,249.0,3447
333.0,250.5,3448
324.5,252.0,3449
315.0,253.0,3450
305.5,254.0,3451
295.0,255.0,3452
285.0,255.0,3453
275.0,255.0,3454
265.0,255.0,3455
255.0,254.0,3456
245.5,253.0,3457
237.0,252.0,3458
228.5,250.5,3459
221.5,249.5,3460
215.5,248.5,3461
210.5,247.0,3462
206.5,247.0,3463
203.5,246.0,3464
202.0,245.5,3465
201.0,245.0,3466
202.0,245.5,3467
203.5,246.0,3468
206.5,247.0,3469
210.5,247.5,3470
215.5,248.5,3471
221.5,249.5,3472
228.5,251.0,3473
236.5,252.0,3474
245.5,253.0,3475
255.0,254.0,3476
264.5,255.0,3477
275.0,255.0,3478
285.0,255.0,3479
295.0,255.0,3480
305.0,254.0,3481
315.0,253.0,3482
324.0,252.0,3483
332.0,251.0,3484
340.0,249.5,3485
347.0,248.0,3486
353.0,247.0,3487
357.5,245.5,3488
361.0,244.5,3489
363.5,244.0,3490
364.5,243.5,3491
364.5,243.5,3492
363.5,244.0,3493
361.0,244.5,3494
357.5,245.5,3495
352.5,246.5,3496
347.0,248.0,3497
340.0,249.0,3498
332.0,251.0,3499
324.0,252.0,3500
315.0,253.0,3501
305.0,254.0,3502
295.0,255.0,3503
285.0,255.0,3504
274.0,255.0,3505
264.0,254.5,3506
254.5,254.0,3507
245.5,253.0,3508
237.0,252.0,3509
229.0,250.5,3510
222.0,249.5,3511
216.0,248.5,3512
211.0,247.5,3513
207.0,247.0,3514
204.0,246.0,3515
202.5,245.5,3516
202.0,245.5,3517
202.5,246.0,3518
204.5,246.0,3519
207.5,247.0,3520
211.5,247.5,3521
216.5,248.5,3522
222.5,249.5,3523
229.5,251.0,3524
237.5,252.5,3525
246.5,253.0,3526
255.5,254.0,3527
265.0,255.0,3528
275.0,255.0,3529
285.0,255.0,3530
296.0,255.0,3531
305.5,254.0,3532
315.0,253.0,3533
324.0,252.0,3534
332.5,251.0,3535
340.0,249.0,3536
346.5,248.0,3537
352.5,247.0,3538
357.0,245.5,3539
360.5,245.0,3540
362.5,244.0,3541
363.5,244.0,3542
363.5,244.0,3543
362.5,244.0,3544
360.0,245.0,3545
356.5,246.0,3546
351.5,247.0,3547
346.0,248.0,3548
339.0,249.5,3549
331.0,251.0,3550
323.0,252.0,3551
314.0,253.0,3552
304.0,254.0,3553
294.0,255.0,3554
284.0,255.0,3555
274.0,255.0,3556
264.0,255.0,3557
254.5,254.0,3558
245.5,253.0,3559
237.0,252.5,3560
229.5,250.5,3561
222.5,249.5,3562
216.5,248.5,3563
211.5,247.5,3564
207.5,247.0,3565
205.0,246.5,3566
203.5,246.0,3567
203.0,246.0,3568
203.5,246.0,3569
205.5,247.0,3570
208.5,247.0,3571
212.5,247.5,3572
217.5,248.5,3573
223.5,250.0,3574
230.5,251.5,3575
238.5,252.5,3576
247.5,253.5,3577
256.5,254.5,3578
266.0,255.0,3579
276.0,255.0,3580
286.0,255.0,3581
296.0,255.0,3582
306.0,254.0,3583
315.5,253.0,3584
324.0,252.0,3585
332.5,251.0,3586
340.0,249.0,3587
346.5,248.0,3588
352.0,247.0,3589
356.5,246.0,3590
360.0,245.0,3591
362.0,244.0,3592
363.5,244.0,3593
363.0,244.0,3594
361.5,244.0,3595
359.0,245.0,3596
355.5,246.0,3597
351.0,247.0,3598
345.0,248.0,3599
338.0,250.0,3600
330.0,251.0,3601
322.0,252.0,3602
313.0,253.0,3603
303.0,254.0,3604
293.5,255.0,3605
283.5,255.0,3606
273.5,255.0,3607
263.5,255.0,3608
254.0,254.5,3609
245.5,253.5,3610
237.0,252.5,3611
229.5,250.5,3612
222.5,249.5,3613
216.5,248.5,3614
212.0,247.5,3615
208.0,247.0,3616
206.0,247.0,3617
204.0,246.0,3618
204.0,246.0,3619
205.0,246.0,3620
206.0,247.0,3621
209.5,247.0,3622
213.5,248.0,3623
218.5,249.5,3624
224.5,250.5,3625
231.5,251.5,3626
239.5,252.5,3627
248.5,253.5,3628
257.5,254.5,3629
267.5,254.5,3630
278.0,254.5,3631
488.5,42.0,3631
